City_ID,City,Lat,Lng,Max Temp,Humidity,Cloudiness,Wind Speed,Country,Date
0,hradyz'k,49.2346,33.1361,32.74,35,0,8.19,UA,1691312064
1,waitangi,-43.9535,-176.5597,7.68,60,100,6.83,NZ,1691312064
2,puerto natales,-51.7236,-72.4875,-0.89,75,97,7.14,CL,1691312064
3,olonkinbyen,70.9221,-8.7187,3.35,97,100,9.82,SJ,1691312065
4,tara,56.8944,74.371,25.54,35,0,4.1,RU,1691312065
5,grytviken,-54.2811,-36.5092,-7.24,84,37,3.59,GS,1691312065
6,port-aux-francais,-49.35,70.2167,3.74,85,89,12.36,TF,1691312065
7,anadyr,64.75,177.4833,11.28,76,40,6.0,RU,1691312065
8,adamstown,-25.066,-130.1015,21.71,88,93,13.45,PN,1691312065
9,mount gambier,-37.8333,140.7667,8.25,80,100,1.39,AU,1691311931
10,sur,22.5667,59.5289,36.23,43,49,1.88,OM,1691312066
11,kodiak,57.79,-152.4072,11.73,94,100,3.6,US,1691312066
12,ribeira grande,38.5167,-28.7,23.21,78,20,2.68,PT,1691312066
13,college,64.8569,-147.8028,18.99,66,75,3.6,US,1691312066
14,sao jose da coroa grande,-8.8978,-35.1478,23.79,85,69,4.82,BR,1691312066
15,yellowknife,62.456,-114.3525,13.29,82,75,3.09,CA,1691311810
16,dunedin,-45.8742,170.5036,9.33,76,95,0.45,NZ,1691311944
17,cuenca,-2.8833,-78.9833,10.64,96,100,1.38,EC,1691312067
18,edinburgh of the seven seas,-37.0676,-12.3116,10.18,80,17,22.28,SH,1691312067
19,amga,60.8953,131.9608,24.12,50,100,2.02,RU,1691312067
20,ushuaia,-54.8,-68.3,-2.19,100,100,13.89,AR,1691311824
21,bredasdorp,-34.5322,20.0403,16.25,65,2,2.93,ZA,1691312068
22,longyearbyen,78.2186,15.6401,9.91,93,75,3.09,SJ,1691312068
23,bethel,41.3712,-73.414,19.79,85,0,2.06,US,1691311857
24,port mathurin,-19.6833,63.4167,22.41,63,2,11.49,MU,1691312068
25,ivdel',60.6911,60.4206,24.39,66,76,2.45,RU,1691312069
26,vadso,70.0744,29.7487,15.49,82,75,2.57,NO,1691312069
27,greymouth,-42.4667,171.2,9.92,86,100,1.69,NZ,1691311864
28,ryotsu-minato,38.0833,138.4333,28.72,86,84,4.0,JP,1691312069
29,kavaratti,10.5669,72.642,28.19,77,80,8.74,IN,1691312069
30,solwezi,-12.1688,26.3894,22.57,38,0,4.5,ZM,1691312070
31,margaret river,-33.95,115.0667,14.1,68,3,2.2,AU,1691312070
32,ghat,24.9647,10.1728,39.22,9,0,4.8,LY,1691312070
33,badger,64.8,-147.5333,18.95,71,100,3.6,US,1691312070
34,lalibela,12.0333,39.0333,19.91,61,94,2.14,ET,1691312071
35,west island,-12.1568,96.8225,26.99,83,75,9.26,CC,1691312071
36,jamestown,42.097,-79.2353,16.8,93,0,2.57,US,1691312071
37,barabai,-2.5833,115.3833,28.69,72,89,0.98,ID,1691312071
38,cabo san lucas,22.8909,-109.9124,26.7,79,96,11.05,MX,1691312072
39,harper,4.375,-7.7169,25.03,82,100,4.7,LR,1691312072
40,iqaluit,63.7506,-68.5145,6.85,87,20,1.03,CA,1691312072
41,zhytkavichy,52.2168,27.8561,30.1,45,0,6.35,BY,1691312072
42,cinarli,41.4723,46.9156,29.79,40,0,2.76,AZ,1691312072
43,puerto ayora,-0.7393,-90.3518,23.64,92,76,2.24,EC,1691312073
44,shar,49.5886,81.0453,31.75,27,6,5.0,KZ,1691312073
45,bilibino,68.0546,166.4372,3.09,96,100,3.04,RU,1691312073
46,albany,42.6001,-73.9662,15.45,89,51,0.45,US,1691312031
47,papatowai,-46.5619,169.4708,7.49,90,100,2.34,NZ,1691312073
48,khandyga,62.6667,135.6,21.81,35,47,4.21,RU,1691312074
49,susuman,62.7833,148.1667,9.01,84,100,3.74,RU,1691311819
50,hithadhoo,-0.6,73.0833,28.83,68,79,3.2,MV,1691312074
51,atar,20.5169,-13.0499,33.17,16,2,3.7,MR,1691312074
52,kingston,17.997,-76.7936,28.53,87,20,3.09,JM,1691311989
53,east london,-33.0153,27.9116,25.52,33,0,2.57,ZA,1691312074
54,henderson,36.0397,-114.9819,33.32,14,0,5.14,US,1691311916
55,bloemhof,-27.6469,25.607,17.76,20,1,2.24,ZA,1691312075
56,taoudenni,22.6783,-3.9836,40.87,9,0,6.54,ML,1691312075
57,igarka,67.4667,86.5833,23.87,34,3,6.07,RU,1691312075
58,isafjordur,66.0755,-23.124,11.02,71,20,1.03,IS,1691312075
59,midvagur,62.0511,-7.1939,12.46,82,100,3.09,FO,1691312075
60,punta arenas,-53.15,-70.9167,-1.67,71,63,11.04,CL,1691311940
61,belmonte,-15.8631,-38.8828,20.39,78,5,1.43,BR,1691311672
62,klyuchi,52.2667,79.1667,20.21,79,100,1.92,RU,1691312076
63,uturoa,-16.7333,-151.4333,25.79,72,84,3.5,PF,1691312076
64,ugoofaaru,5.6667,73.0,28.13,77,61,6.57,MV,1691312076
65,hermanus,-34.4187,19.2345,16.56,65,1,2.36,ZA,1691312077
66,st. john's,47.5649,-52.7093,15.64,91,100,4.63,CA,1691311800
67,ulsteinvik,62.3432,5.8487,15.73,80,100,3.58,NO,1691312077
68,chonchi,-42.6128,-73.8092,5.07,97,17,0.88,CL,1691312077
69,spring creek,40.7266,-115.5859,15.83,63,0,1.52,US,1691312077
70,buka,40.8108,69.1986,38.19,14,75,7.05,UZ,1691312078
71,tura,25.5198,90.2201,25.36,97,100,2.49,IN,1691311717
72,ust'-ilimsk,58.0006,102.6619,21.63,34,54,1.2,RU,1691312078
73,utrik,11.2278,169.8474,28.53,79,92,7.43,MH,1691312078
74,georgetown,5.4112,100.3354,31.96,62,40,4.63,MY,1691312014
75,qusmuryn,52.4503,64.6311,28.57,41,92,5.23,KZ,1691312078
76,praia da vitoria,38.7333,-27.0667,22.64,94,40,1.35,PT,1691312079
77,buenaventura,3.8801,-77.0312,24.78,94,100,1.05,CO,1691311873
78,gadzhiyevo,69.2551,33.3362,11.79,82,100,2.03,RU,1691312079
79,ilulissat,69.2167,-51.1,5.01,87,9,0.0,GL,1691312079
80,lihue,21.9789,-159.3672,25.77,81,20,6.17,US,1691311948
81,guerrero negro,27.9769,-114.0611,21.11,73,6,1.46,MX,1691312080
82,petropavlovsk-kamchatsky,53.0452,158.6483,18.33,72,75,3.0,RU,1691312080
83,aasiaat,68.7098,-52.8699,1.64,84,15,2.97,GL,1691312080
84,pavlohrad,48.5167,35.8667,37.27,21,0,8.98,UA,1691312080
85,north bend,43.4065,-124.2243,19.03,100,100,1.54,US,1691312080
86,weno,7.4515,151.8468,27.75,77,100,5.72,FM,1691312081
87,kongsberg,59.6652,9.6465,16.09,82,100,0.92,NO,1691312081
88,buchanan,5.8808,-10.0467,25.81,80,100,3.94,LR,1691312081
89,impfondo,1.6381,18.0667,32.89,48,58,0.99,CG,1691312081
90,tahla,34.0485,-4.428,34.42,18,0,1.64,MA,1691312081
91,invercargill,-46.4,168.35,8.9,91,97,0.89,NZ,1691311508
92,afaahiti,-17.75,-149.2833,22.93,77,75,1.64,PF,1691312082
93,san rafael del sur,11.8485,-86.4384,26.03,78,60,5.68,NI,1691312082
94,xianning,29.8833,114.2167,35.02,62,100,1.49,CN,1691312082
95,hamilton,39.1834,-84.5333,24.05,88,75,3.09,US,1691311498
96,whitehorse,60.7161,-135.0538,18.43,55,75,3.6,CA,1691312082
97,hawaiian paradise park,19.5933,-154.9731,21.69,97,100,2.06,US,1691312082
98,flin flon,54.7682,-101.865,14.05,84,8,2.96,CA,1691312083
99,la ronge,55.1001,-105.2842,15.14,82,40,2.57,CA,1691312083
100,charters towers,-20.1,146.2667,18.66,39,0,5.74,AU,1691312083
101,cidreira,-30.1811,-50.2056,16.79,97,33,4.78,BR,1691312028
102,al marj,32.488,20.8317,27.69,50,0,7.43,LY,1691312083
103,haiku-pauwela,20.9219,-156.3051,25.01,70,40,4.63,US,1691312083
104,wailua homesteads,22.0669,-159.378,25.44,86,20,6.17,US,1691312084
105,mamfe,5.754,9.3123,23.35,98,100,0.19,CM,1691312084
106,san patricio,28.017,-97.5169,28.94,86,5,5.08,US,1691312084
107,inirida,3.8653,-67.9239,22.3,99,100,0.3,CO,1691312084
108,bel ombre,-4.6167,55.4167,26.91,74,40,6.17,SC,1691312084
109,alofi,-19.0595,-169.9187,22.94,94,23,4.12,NU,1691312084
110,kalispell,48.1958,-114.3129,18.16,69,75,0.0,US,1691312085
111,bam,29.106,58.357,38.23,11,0,10.43,IR,1691312085
112,nikolo-berezovka,56.1242,54.1557,27.78,42,26,6.19,RU,1691312085
113,carnarvon,-24.8667,113.6333,22.62,62,4,6.18,AU,1691312085
114,ilam,26.9167,87.9167,25.72,87,100,1.87,NP,1691312085
115,borovichi,58.3878,33.9155,28.77,57,85,3.69,RU,1691312085
116,tiksi,71.6872,128.8694,3.94,66,33,2.0,RU,1691312086
117,montepuez,-13.1256,38.9997,26.72,41,0,4.5,MZ,1691312086
118,atafu village,-8.5421,-172.5159,28.94,74,4,3.77,TK,1691312086
119,pandan,14.0453,124.1694,31.33,67,24,3.76,PH,1691312086
120,ulenje,-8.9333,33.6833,20.95,41,14,1.54,TZ,1691312086
121,qaqortoq,60.7167,-46.0333,5.67,88,24,0.86,GL,1691311818
122,sao joao da barra,-21.6403,-41.0511,20.52,86,0,5.26,BR,1691312087
123,acapulco de juarez,16.8634,-99.8901,27.46,75,100,1.4,MX,1691312035
124,blenheim,-41.516,173.9528,5.29,87,64,2.32,NZ,1691312087
125,caetite,-14.0694,-42.475,12.98,95,22,4.23,BR,1691312087
126,talnakh,69.4865,88.3972,24.56,34,12,2.9,RU,1691312087
127,nuuk,64.1835,-51.7216,7.34,81,20,5.66,GL,1691312088
128,uzgen,40.7699,73.3007,33.16,14,7,6.15,KG,1691312088
129,ust-nera,64.5667,143.2,11.43,66,92,4.33,RU,1691312088
130,blackmans bay,-43.0167,147.3167,9.74,87,88,0.98,AU,1691312088
131,mumford,5.2618,-0.759,24.32,88,100,4.84,GH,1691312088
132,salinopolis,-0.6136,-47.3561,26.09,84,14,5.02,BR,1691311938
133,shihezi,44.3,86.0333,40.6,9,8,4.16,CN,1691312089
134,queenstown,-31.8976,26.8753,19.61,17,17,4.67,ZA,1691312089
135,fortuna,40.5982,-124.1573,16.63,94,100,2.57,US,1691312089
136,port alfred,-33.5906,26.891,19.54,81,63,4.02,ZA,1691312089
137,laguna,38.421,-121.4238,24.66,62,0,1.54,US,1691312089
138,tofol,5.3248,163.0078,28.89,71,18,3.4,FM,1691312089
139,bulnes,-36.7423,-72.2985,6.42,92,64,0.93,CL,1691312090
140,mont-dore,-22.2833,166.5833,17.99,81,43,4.77,NC,1691311621
141,acarau,-2.8856,-40.12,25.01,87,24,7.67,BR,1691312090
142,vilyuchinsk,52.9306,158.4028,19.15,78,16,2.31,RU,1691312090
143,avarua,-21.2078,-159.775,20.03,94,100,2.06,CK,1691312090
144,rongelap,11.1635,166.8941,28.26,77,66,6.24,MH,1691312090
145,port moresby,-9.4431,147.1797,25.68,61,20,5.14,PG,1691312091
146,kruisfontein,-34.0033,24.7314,17.71,77,44,6.62,ZA,1691312091
147,luderitz,-26.6481,15.1594,18.2,54,1,4.42,NA,1691312091
148,port elizabeth,-33.918,25.5701,18.94,77,20,7.72,ZA,1691312091
149,san fernando,15.0286,120.6898,33.85,72,82,5.94,PH,1691312091
150,chipinge,-20.1883,32.6236,20.32,49,73,1.91,ZW,1691312092
151,binbrook,43.121,-79.804,18.12,87,20,4.63,CA,1691312092
152,mar del plata,-38.0023,-57.5575,10.05,84,0,4.12,AR,1691312092
153,karatas,36.582,35.3701,33.36,71,78,6.27,TR,1691312092
154,galliano,29.4422,-90.2992,28.0,78,0,2.57,US,1691312092
155,quellon,-43.1167,-73.6167,3.14,100,100,1.03,CL,1691312092
156,enewetak,11.3474,162.3373,28.78,76,73,5.49,MH,1691312093
157,brookings,44.3114,-96.7984,18.43,97,100,6.17,US,1691311816
158,mirnyy,62.5353,113.9611,16.8,88,100,5.81,RU,1691312093
159,nar'yan-mar,67.6713,53.087,24.15,52,74,4.55,RU,1691312093
160,arraial do cabo,-22.9661,-42.0278,20.45,93,3,6.9,BR,1691312093
161,nadym,65.5333,72.5167,28.63,35,6,4.05,RU,1691312093
162,tharangambadi,11.0319,79.8528,34.3,54,99,2.9,IN,1691312094
163,medina,24.4686,39.6142,39.24,5,0,7.72,SA,1691311884
164,punahana,27.8667,77.2,37.32,39,43,4.81,IN,1691312094
165,kelibia,36.8476,11.0939,27.14,61,20,5.14,TN,1691312094
166,remire-montjoly,4.9167,-52.2667,24.02,100,0,0.0,GF,1691312094
167,manokwari,-0.8667,134.0833,27.49,76,62,1.32,ID,1691312094
168,lesogorsk,56.0458,99.5136,22.73,40,76,0.19,RU,1691312095
169,koshki,54.2091,50.4677,30.74,29,6,5.92,RU,1691312095
170,kirakira,-10.4544,161.9205,24.73,88,100,2.5,SB,1691312096
171,ron phibun,8.1791,99.8542,35.83,54,94,4.58,TH,1691312096
172,alaghsas,17.0187,8.0168,26.94,78,0,4.12,NE,1691312096
173,lagunas,-5.2269,-75.6753,22.8,87,88,0.11,PE,1691312096
174,thompson,55.7435,-97.8558,15.09,94,100,3.09,CA,1691312097
175,warmbad,-28.45,18.7333,22.25,18,8,1.34,NA,1691312097
176,walvis bay,-22.9575,14.5053,22.24,40,0,2.21,NA,1691312097
177,onguday,50.75,86.15,16.96,92,100,0.66,RU,1691312097
178,stanley,54.868,-1.6985,14.88,77,20,5.14,GB,1691312098
179,moussoro,13.6408,16.4901,30.57,56,48,3.73,TD,1691312098
180,tralee,52.2704,-9.7026,15.14,88,75,3.6,IE,1691312098
181,el colomo,19.05,-104.25,26.89,76,100,1.25,MX,1691312098
182,sona,45.4388,10.8255,24.97,60,0,4.63,IT,1691312098
183,udachny,66.4167,112.4,20.25,42,53,7.07,RU,1691312098
184,yesan,36.6776,126.8427,33.83,77,77,2.72,KR,1691312099
185,el calafate,-50.3408,-72.2768,-0.74,76,44,5.95,AR,1691312099
186,antofagasta,-23.65,-70.4,17.6,83,58,1.11,CL,1691311915
187,northam,51.0333,-4.2167,16.45,80,4,6.28,GB,1691312099
188,soio,-6.1349,12.3689,24.82,73,38,2.99,AO,1691312099
189,albu kamal,34.45,40.9186,38.32,19,0,5.97,SY,1691312099
190,kushva,58.2906,59.7592,24.56,57,47,3.66,RU,1691312100
191,hoa binh,20.8133,105.3383,25.75,95,100,1.73,VN,1691312100
192,bibiani,6.4635,-2.3194,23.03,96,100,1.11,GH,1691312100
193,akita,39.7167,140.1167,29.52,74,75,3.6,JP,1691311806
194,goundam,16.4145,-3.6708,31.93,50,88,6.99,ML,1691312060
195,lebu,-37.6167,-73.65,9.88,84,76,2.57,CL,1691312100
196,skelleftea,64.7507,20.9528,20.2,42,18,1.54,SE,1691312101
197,zhezqazghan,47.7833,67.7667,29.32,32,40,2.0,KZ,1691312101
198,westport,41.1415,-73.3579,21.21,77,0,3.09,US,1691312101
199,iwanai,42.9744,140.5089,21.26,94,100,0.9,JP,1691312101
200,zakamensk,50.3741,103.2863,19.17,70,99,1.22,RU,1691312101
201,okhotsk,59.3833,143.3,16.46,69,54,3.35,RU,1691312102
202,arkhangel'sk,64.5401,40.5433,22.82,58,48,3.13,RU,1691312102
203,orsa,54.5153,30.4053,28.09,54,0,7.31,BY,1691312102
204,wichian buri,15.6578,101.106,30.83,63,100,4.42,TH,1691312102
205,labytnangi,66.6572,66.4183,28.34,42,0,2.79,RU,1691312102
206,makokou,0.5738,12.8642,24.19,83,100,2.2,GA,1691312103
207,usinsk,65.9939,57.5281,22.53,68,100,2.54,RU,1691312103
208,seeb,23.6703,58.1891,34.05,66,9,3.09,OM,1691312103
209,saint-philippe,-21.3585,55.7679,22.77,85,59,7.57,RE,1691311537
210,thanh hoa,19.8,105.7667,24.48,90,100,4.78,VN,1691312104
211,chernogorsk,53.8236,91.2842,22.76,46,0,3.0,RU,1691312104
212,sitka,57.0531,-135.33,17.94,82,75,0.0,US,1691311827
213,sinabang,2.4803,96.3801,28.34,77,100,2.49,ID,1691312104
214,huancayo,-12.0667,-75.2333,5.9,79,10,0.69,PE,1691312104
215,nemuro,43.3236,145.575,14.33,97,100,5.69,JP,1691312105
216,luwuk,-0.9516,122.7875,27.12,76,69,3.71,ID,1691312105
217,tazovsky,67.4667,78.7,21.61,47,5,2.22,RU,1691312105
218,codrington,-38.2667,141.9667,10.15,73,99,2.11,AU,1691312105
219,burela de cabo,43.65,-7.4,18.98,71,100,4.73,ES,1691312105
220,port isabel,26.0734,-97.2086,29.02,85,0,4.63,US,1691312106
221,flying fish cove,-10.4217,105.6791,24.82,88,100,5.66,CX,1691312106
222,galle,6.0367,80.217,28.15,77,100,7.01,LK,1691312106
223,mata-utu,-13.2816,-176.1745,27.57,79,28,1.46,WF,1691312106
224,kendari,-3.945,122.4989,25.38,81,79,1.78,ID,1691312107
225,salmon arm,50.6998,-119.3024,20.8,55,65,1.03,CA,1691312107
226,inhambane,-23.865,35.3833,22.99,73,20,3.09,MZ,1691312107
227,saveh,35.0213,50.3566,38.16,13,1,5.53,IR,1691312107
228,untsukul',42.7115,46.7866,29.56,39,0,2.67,RU,1691312107
229,isangel,-19.55,169.2667,21.49,84,100,7.54,VU,1691312108
230,doffing,26.2745,-98.3858,28.9,84,100,5.66,US,1691312108
231,imperatriz,-5.5264,-47.4917,23.03,78,0,0.0,BR,1691312108
232,howard springs,-12.497,131.047,30.95,30,2,1.92,AU,1691312108
233,nagato,34.3833,131.2,29.47,83,50,2.25,JP,1691312108
234,mahibadhoo,3.7833,72.9667,28.34,76,99,6.29,MV,1691312109
235,meulaboh,4.1363,96.1285,28.57,75,92,3.21,ID,1691312109
236,dryden,49.7833,-92.7503,18.16,94,100,2.06,CA,1691312109
237,palikir - national government center,6.9248,158.1611,24.41,100,100,1.03,FM,1691312109
238,san felipe,10.3399,-68.7425,22.45,93,18,1.6,VE,1691312109
239,constantia,44.1833,28.65,28.38,71,0,3.96,RO,1691312110
240,caconda,-13.7333,15.0667,20.82,22,0,5.79,AO,1691312110
241,balpyk bi,44.8947,78.2083,36.75,12,100,6.53,KZ,1691312110
242,champion heights,41.29,-80.8459,19.67,85,100,2.68,US,1691312110
243,pamandzi,-12.7967,45.2794,27.88,69,20,6.17,YT,1691312111
244,litayan,7.3358,124.0347,28.48,75,5,4.63,PH,1691312111
245,mashhad,36.297,59.6062,33.08,35,4,3.09,IR,1691312111
246,new norfolk,-42.7826,147.0587,10.4,95,99,1.15,AU,1691312111
247,luza,60.6308,47.2512,24.74,47,38,3.94,RU,1691312111
248,saucillo,28.0167,-105.2833,28.61,28,90,3.9,MX,1691312112
249,sisimiut,66.9395,-53.6735,8.28,74,11,1.02,GL,1691312112
250,kapuskasing,49.4169,-82.4331,12.05,87,0,2.06,CA,1691311922
251,kollam,8.8833,76.6,28.13,73,98,6.38,IN,1691311571
252,bichura,50.5881,107.6022,19.48,85,100,1.61,RU,1691312112
253,portland,45.5234,-122.6762,21.45,79,75,0.89,US,1691312069
254,nizhneudinsk,54.9076,99.0276,22.45,50,78,1.45,RU,1691312113
255,siwa oasis,29.2041,25.5195,39.56,14,0,2.05,EG,1691312113
256,egilsstadir,65.2653,-14.3948,9.95,76,75,3.6,IS,1691312113
257,volodarskiy,46.4013,48.5409,37.97,15,0,4.57,RU,1691312113
258,port lincoln,-34.7333,135.8667,10.89,72,89,2.86,AU,1691312113
259,dudinka,69.4058,86.1778,24.79,34,23,1.29,RU,1691312114
260,coruripe,-10.1256,-36.1756,22.76,84,54,3.77,BR,1691312114
261,santana,-0.0583,-51.1817,28.1,89,40,4.63,BR,1691312114
262,nouadhibou,20.931,-17.0347,20.99,83,66,7.72,MR,1691312114
263,qamdo,31.1667,97.2333,11.7,57,90,3.82,CN,1691312115
264,keflavik,64.0049,-22.5624,11.24,87,75,4.12,IS,1691312115
265,okahandja,-21.9833,16.9167,21.46,21,2,7.22,NA,1691312115
266,quepos,9.4236,-84.1652,25.98,79,99,1.41,CR,1691312115
267,ancud,-41.8697,-73.8203,4.62,89,56,1.74,CL,1691312115
268,formosa,-26.1775,-58.1781,21.09,71,0,3.6,AR,1691312115
269,auki,-8.7676,160.7034,24.61,90,100,3.53,SB,1691312116
270,eyl,7.9803,49.8164,33.06,41,88,13.12,SO,1691312116
271,roma,43.2128,-75.4557,12.71,97,0,0.0,US,1691312053
272,rio grande,-32.035,-52.0986,14.97,96,100,6.05,BR,1691312116
273,bratsk,56.1325,101.6142,19.27,52,63,1.37,RU,1691312116
274,aral,40.5156,81.2636,37.4,15,90,2.4,CN,1691312116
275,erenhot,43.6475,111.9767,33.42,21,0,4.89,CN,1691312117
276,palmer,42.1584,-72.3287,16.65,85,0,1.54,US,1691312117
277,ulladulla,-35.35,150.4667,10.94,75,22,0.75,AU,1691312117
278,saldanha,-33.0117,17.9442,14.03,75,61,2.59,ZA,1691312117
279,newman,37.3138,-121.0208,24.99,80,0,2.08,US,1691312117
280,riosucio,5.4216,-75.7032,14.45,95,80,0.27,CO,1691312118
281,solnechnyy,50.7214,136.6319,21.56,47,1,2.29,RU,1691312118
282,lulindi,-10.8167,39.1333,28.86,38,31,4.01,TZ,1691312118
283,toulepleu guere,6.574,-8.4259,22.85,95,100,1.51,CI,1691312118
284,yeppoon,-23.1333,150.7333,18.88,75,2,5.85,AU,1691312118
285,great falls,47.5002,-111.3008,17.05,84,100,3.6,US,1691311872
286,daru,-9.0763,143.2092,24.61,70,46,7.22,PG,1691312119
287,gurlan,41.8447,60.3919,35.95,17,22,5.98,UZ,1691312119
288,miles city,46.4083,-105.8406,18.54,77,100,2.57,US,1691312119
289,arfoud,31.4348,-4.2375,35.0,18,0,1.7,MA,1691312120
290,fale old settlement,-9.3852,-171.2468,28.81,76,9,5.57,TK,1691312120
291,sarmiento,-45.5882,-69.07,5.4,53,76,12.02,AR,1691312120
292,altamira,-3.2033,-52.2064,22.14,85,0,1.5,BR,1691312120
293,bilajer,40.5681,50.0378,31.9,51,0,5.14,AZ,1691312120
294,paraiso,9.8383,-83.8656,20.48,91,100,1.72,CR,1691312121
295,kalabo,-14.97,22.6814,24.67,28,0,4.43,ZM,1691312121
296,coquimbo,-29.9533,-71.3436,13.85,94,100,1.54,CL,1691311997
297,kimberley,-28.7323,24.7623,17.83,25,0,4.12,ZA,1691312121
298,puerto leguizamo,-0.1934,-74.7819,21.06,98,97,1.22,CO,1691312121
299,antsiranana,-12.2787,49.2917,27.42,54,40,10.8,MG,1691312121
300,chishmy,54.5765,55.3764,28.13,35,81,7.51,RU,1691312122
301,tarinkot,32.6268,65.8733,37.7,6,0,6.19,AF,1691312122
302,huntsville,34.7304,-86.5861,24.04,90,0,4.12,US,1691312025
303,nogliki,51.8333,143.1667,13.71,87,92,2.95,RU,1691312122
304,kasungu,-13.0333,33.4833,23.43,46,32,5.25,MW,1691312122
305,hoemul-li,41.4339,129.67,19.6,96,100,4.26,KP,1691312123
306,degerfors,59.238,14.4308,16.6,49,100,1.89,SE,1691312123
307,qianzhou,28.3167,109.7167,34.87,58,14,0.88,CN,1691311925
308,urengoy,65.9667,78.3667,27.17,34,2,3.72,RU,1691312123
309,ola,59.5833,151.2833,15.49,64,40,0.44,RU,1691311695
310,am timan,11.0297,20.2827,28.25,69,80,2.99,TD,1691312124
311,minas de marcona,-15.2119,-75.1103,10.88,87,11,3.52,PE,1691312124
312,thinadhoo,0.5333,72.9333,28.59,72,91,4.77,MV,1691312124
313,petrolina,-9.3986,-40.5008,22.03,73,75,5.66,BR,1691311992
314,mao,39.8885,4.2658,25.31,65,40,4.63,ES,1691312125
315,murzuq,25.9155,13.9184,37.9,15,0,1.33,LY,1691312125
316,veinticinco de mayo,-35.4323,-60.1727,9.43,85,34,1.23,AR,1691311818
317,ilukste,55.9775,26.2966,29.4,43,0,5.48,LV,1691312125
318,karratha,-20.7377,116.8463,25.9,46,70,5.9,AU,1691312125
319,port macquarie,-31.4333,152.9167,14.38,84,97,6.19,AU,1691312125
320,goroka,-6.0834,145.3873,15.63,94,55,1.77,PG,1691312126
321,sahar,24.3643,56.7468,35.01,66,17,4.12,OM,1691312126
322,linxia chengguanzhen,35.6003,103.2064,20.49,57,100,1.59,CN,1691312126
323,boma,7.0805,-2.1697,23.66,92,100,2.04,GH,1691312126
324,nizhniy odes,63.6445,54.856,26.23,42,13,2.56,RU,1691312126
325,birkhadem,36.715,3.05,26.44,44,0,2.06,DZ,1691312127
326,nueva gerona,21.8833,-82.8,29.04,73,1,2.46,CU,1691312127
327,kirensk,57.7853,108.1119,19.16,71,86,2.34,RU,1691312127
328,terrace,54.5163,-128.6035,19.01,72,75,3.6,CA,1691312004
329,luxor,25.6989,32.6421,38.03,15,0,0.0,EG,1691312127
330,okha,53.5739,142.9478,15.16,67,100,1.86,RU,1691312128
331,ajaccio,42.0,8.9167,25.03,47,20,7.72,FR,1691312128
332,burang,30.25,81.1667,19.19,51,63,4.44,CN,1691312128
333,st. paul,44.9444,-93.0933,23.23,75,0,4.12,US,1691311958
334,cabedelo,-6.9811,-34.8339,22.37,85,75,5.38,BR,1691312128
335,nushki,29.5542,66.0215,39.84,8,5,5.4,PK,1691312129
336,williams lake,52.1415,-122.1445,20.76,61,0,2.57,CA,1691312129
337,hadibu,12.65,54.0333,27.3,72,82,13.8,YE,1691312129
338,shilka,51.85,116.0333,24.5,40,100,2.77,RU,1691312129
339,bay roberts,47.5999,-53.2648,15.84,89,100,2.24,CA,1691312129
340,iskateley,67.6803,53.1512,24.14,52,75,4.49,RU,1691312130
341,praya,14.9215,-23.5087,26.3,78,20,5.14,CV,1691312130
342,trinidad,-14.8333,-64.9,23.5,58,37,1.75,BO,1691312130
343,baiyin,36.5583,104.2081,22.37,46,100,5.46,CN,1691312130
344,la plata,-34.9215,-57.9545,14.46,86,96,1.58,AR,1691312130
345,pisco,-13.7,-76.2167,15.01,88,40,0.51,PE,1691312131
346,stettler,52.3168,-112.7186,9.86,100,0,1.54,CA,1691312131
347,margate,51.3813,1.3862,15.94,74,60,6.71,GB,1691311634
348,lodja,-3.4833,23.4333,33.86,25,80,1.71,CD,1691312131
349,west salem,43.8991,-91.0813,20.82,78,0,2.57,US,1691312131
350,bayamo,20.3792,-76.6433,24.72,91,9,1.23,CU,1691312132
351,abepura,-2.6333,140.5833,27.45,74,20,3.09,ID,1691312132
352,alice springs,-23.7,133.8833,19.75,40,0,4.12,AU,1691312132
353,sal rei,16.1833,-22.9167,26.11,78,75,2.06,CV,1691312132
354,ad dilam,23.9915,47.1627,39.23,7,7,8.1,SA,1691312132
355,colonia,50.9333,6.95,17.2,88,75,3.09,DE,1691311904
356,paphos,34.7667,32.4167,32.91,62,0,4.12,CY,1691312133
357,tamiahua,21.2667,-97.45,25.68,90,99,1.9,MX,1691312133
358,chegdomyn,51.1167,133.0167,24.1,42,5,1.32,RU,1691312133
359,tolanaro,-25.0319,46.9987,24.04,64,40,7.2,MG,1691312133
360,fort bragg,35.139,-79.006,23.91,93,0,2.06,US,1691312135
361,belyy yar,53.6039,91.3903,22.94,46,0,3.0,RU,1691312135
362,illizi,26.4833,8.4667,36.89,7,0,3.19,DZ,1691312135
363,greenville,35.6127,-77.3663,23.01,98,0,0.0,US,1691311543
364,sumner,36.4998,-86.45,22.9,94,100,0.0,US,1691312135
365,laojunmiao,39.8333,97.7333,29.24,15,7,5.42,CN,1691312136
366,ishigaki,24.3448,124.1572,30.07,84,75,4.63,JP,1691312136
367,la'ie,21.6477,-157.9253,25.98,74,5,5.63,US,1691312057
368,happy valley-goose bay,53.3168,-60.3315,15.17,82,75,1.54,CA,1691312136
369,paradip garh,20.3167,86.6167,31.82,68,100,8.41,IN,1691312136
370,cockburn town,21.4612,-71.1419,28.63,78,2,9.68,TC,1691312136
371,sassandra,4.95,-6.0833,24.15,91,100,3.47,CI,1691312137
372,ca' savio,45.4538,12.4573,24.5,73,0,3.09,IT,1691312137
373,nanzhang chengguanzhen,31.7839,111.8275,30.96,76,100,2.26,CN,1691312137
374,chhatak,25.0333,91.6667,26.14,97,100,1.53,BD,1691312137
375,latakia,35.5148,35.7768,31.1,72,17,8.33,SY,1691312137
376,vodnyy,63.5046,53.4095,23.25,64,1,2.02,RU,1691312138
377,merritt island,28.5392,-80.672,27.21,91,0,2.57,US,1691312138
378,las varillas,-31.8721,-62.7195,14.28,87,1,1.46,AR,1691312138
379,bechar,31.6167,-2.2167,34.18,15,0,3.09,DZ,1691312138
380,charlottetown,46.2352,-63.1267,16.29,100,100,3.09,CA,1691311993
381,tazacorte,28.629,-17.9293,23.54,76,0,1.54,ES,1691312139
382,tierra colorada,17.1667,-99.5833,24.27,90,100,1.68,MX,1691312139
383,balykchy,42.4557,76.1861,25.12,54,86,2.38,KG,1691312139
384,ta`u,-14.2336,-169.5144,27.39,78,40,5.75,AS,1691312139
385,chos malal,-37.3781,-70.2709,7.15,68,0,2.91,AR,1691312139
386,mirny,62.5353,113.9611,16.8,88,100,5.81,RU,1691312139
387,errachidia,31.9275,-4.4285,34.03,18,20,2.57,MA,1691312121
388,chibougamau,49.9168,-74.3659,13.79,67,100,3.6,CA,1691312140
389,saipan,15.1355,145.701,29.39,100,40,2.24,MP,1691312140
390,gamba,-2.65,10.0,24.1,69,76,2.39,GA,1691312140
391,nizhnyaya tavda,57.6731,66.1725,25.94,67,80,3.86,RU,1691312140
392,boguchany,58.3814,97.4531,16.31,60,100,0.62,RU,1691312140
393,riberalta,-10.9833,-66.1,22.44,64,5,0.62,BO,1691312141
394,broceni,56.7,22.5333,20.94,88,100,5.31,LV,1691312141
395,kavieng,-2.5744,150.7967,27.46,76,24,7.1,PG,1691312141
396,kapa'a,22.0752,-159.319,26.18,86,20,6.17,US,1691312141
397,isfahan,32.6572,51.6776,34.8,8,0,2.04,IR,1691312141
398,mangrol,21.1167,70.1167,28.02,78,89,9.19,IN,1691312142
399,lata,40.1629,-8.3327,28.05,43,0,2.19,PT,1691312142
400,wagar,16.1525,36.2032,30.21,53,86,4.62,SD,1691312142
401,verkhnebakanskiy,44.8492,37.6572,34.46,31,0,3.09,RU,1691312142
402,kununurra,-15.7667,128.7333,30.99,29,6,5.66,AU,1691312035
403,tefe,-3.3542,-64.7114,23.29,83,98,1.11,BR,1691312143
404,gorazde,43.6669,18.9764,23.25,57,100,1.18,BA,1691312143
405,kidal,18.4411,1.4078,32.46,40,91,8.56,ML,1691312143
406,kamaishi,39.2667,141.8833,26.47,89,53,4.75,JP,1691312143
407,camacupa,-12.0167,17.4833,22.18,22,0,4.28,AO,1691312143
408,ciudad lazaro cardenas,17.9583,-102.2,26.09,82,100,1.68,MX,1691312144
409,prince rupert,54.3161,-130.3201,16.83,98,0,2.57,CA,1691312144
410,geraldton,-28.7667,114.6,24.23,64,75,2.57,AU,1691312144
411,tual,-5.6667,132.75,25.68,83,53,9.86,ID,1691312144
412,cozumel,20.5083,-86.9458,25.53,93,0,2.87,MX,1691312137
413,valparaiso,-33.0393,-71.6273,15.0,68,100,1.54,CL,1691312145
414,lupane,-18.9315,27.807,24.31,29,1,2.86,ZW,1691312145
415,arawa,-6.2132,155.5367,23.83,88,99,3.2,PG,1691312145
416,polyarnyy,69.1989,33.4478,11.63,85,100,2.09,RU,1691312145
417,mount isa,-20.7333,139.5,22.87,27,0,3.09,AU,1691312145
418,las heras,-46.5419,-68.9359,3.07,61,100,8.18,AR,1691312145
419,puerto maldonado,-12.6,-69.1833,21.38,67,8,1.04,PE,1691312146
420,waseca,44.0777,-93.5074,20.24,77,100,3.6,US,1691312146
421,lorengau,-2.0226,147.2712,26.18,83,79,5.05,PG,1691312146
422,gisborne,-38.6533,178.0042,6.65,87,68,2.16,NZ,1691311842
423,miyaly,48.8844,53.7836,35.63,24,2,4.62,KZ,1691312146
424,suoyarvi,62.0833,32.35,18.18,78,98,1.53,RU,1691312147
425,fuman,37.2273,49.3142,33.72,30,0,3.34,IR,1691312147
426,zouerate,22.7187,-12.4521,25.67,41,0,3.79,MR,1691312147
427,archangelos,36.2149,28.1149,28.5,49,0,1.31,GR,1691312147
428,khovd,48.0056,91.6419,27.26,21,99,1.41,MN,1691312147
429,mayqayyng,51.4625,75.7986,27.97,44,99,3.49,KZ,1691312148
430,monze,-16.2833,27.4833,22.56,40,0,4.32,ZM,1691312148
431,al faw,29.9776,48.4741,45.0,21,1,2.14,IQ,1691312148
432,inarajan village,13.2736,144.7484,29.44,87,88,1.63,GU,1691312148
433,bengkulu,-3.8004,102.2655,27.62,82,22,2.75,ID,1691312148
434,fonte boa,-2.4959,-66.2662,22.52,97,99,0.27,BR,1691312148
435,sao felix do xingu,-6.6447,-51.995,21.58,68,1,0.43,BR,1691312055
436,lauro de freitas,-12.8944,-38.3272,25.01,83,40,5.14,BR,1691312149
437,sweet home,44.3976,-122.7362,19.42,81,27,1.08,US,1691312149
438,vigan,17.5747,120.3869,31.07,72,90,6.54,PH,1691312149
439,paragominas,-2.9667,-47.4833,20.83,99,19,1.46,BR,1691312149
440,vorgashor,67.5833,63.95,28.13,42,1,5.16,RU,1691312149
441,san carlos de bariloche,-41.1456,-71.3082,3.02,58,40,1.54,AR,1691312150
442,samus',56.7475,84.6992,23.89,37,82,2.3,RU,1691312150
443,rocha,-34.4833,-54.3333,11.48,97,56,2.28,UY,1691312150
444,la passe,45.5549,-0.8967,17.8,57,50,4.51,FR,1691312150
445,san antonio de pale,-1.4014,5.6325,23.53,74,85,4.01,GQ,1691312150
446,feodosiya,45.0333,35.3833,29.39,59,0,4.87,UA,1691312151
447,moron,-34.6534,-58.6198,15.0,86,82,8.94,AR,1691312151
448,tomatlan,19.9333,-105.25,24.51,84,100,1.25,MX,1691312151
449,kone,-21.0595,164.8658,18.62,81,19,4.06,NC,1691312151
450,sejenane,37.0572,9.2381,24.53,55,22,8.41,TN,1691312151
451,tres lagoas,-20.7511,-51.6783,17.94,41,0,1.89,BR,1691312152
452,muritiba,-12.9167,-39.25,18.23,91,81,1.67,BR,1691312152
453,sosnovyy bor,59.9,29.1167,22.03,72,72,4.57,RU,1691312152
454,olinda,-8.0089,-34.8553,25.85,78,40,4.63,BR,1691312152
455,sangre grande,10.5835,-61.1177,26.07,89,12,2.14,TT,1691312152
456,kotka,60.4664,26.9458,20.74,74,100,5.18,FI,1691312152
457,sarangani,5.4033,125.4636,28.91,76,6,6.28,PH,1691312153
458,yuzhno-kurilsk,44.0306,145.8556,14.06,97,100,3.28,RU,1691312153
459,dampit,-8.2116,112.7493,24.31,80,75,2.66,ID,1691312153
460,visby,57.6409,18.296,16.69,94,75,6.17,SE,1691312153
461,kudahuvadhoo,2.6708,72.8944,27.79,77,100,5.41,MV,1691312153
462,neiafu,-18.65,-173.9833,23.66,87,100,8.54,TO,1691312153
463,huanggang,23.677,116.9996,33.94,71,60,5.11,CN,1691312154
464,copiapo,-27.3667,-70.3333,12.83,88,5,1.4,CL,1691311768
465,candido de abreu,-24.5669,-51.3333,12.69,87,0,1.44,BR,1691312154
466,rechka-vydrino,51.485,104.8461,16.39,84,100,2.45,RU,1691312154
467,tipasa,36.5897,2.4475,28.06,38,0,3.25,DZ,1691312154
468,paithan,19.4833,75.3833,30.21,53,100,8.9,IN,1691312154
469,thanh pho uong bi,21.0333,106.7833,30.99,91,100,1.31,VN,1691311908
470,essaouira,31.5125,-9.77,21.72,88,75,4.12,MA,1691312155
471,singapore,1.2897,103.8501,34.08,57,75,5.14,SG,1691311813
472,sabaneta,6.15,-75.6,16.88,99,20,1.79,CO,1691312155
473,vilyuysk,63.7553,121.6247,24.7,35,34,3.31,RU,1691312155
474,hasaki,35.7333,140.8333,30.17,84,5,5.89,JP,1691312155
475,misratah,32.3754,15.0925,28.11,50,0,8.22,LY,1691312156
476,nova olimpia,-14.7972,-57.2881,21.15,49,0,1.27,BR,1691312156
477,chambas,22.1928,-78.9136,24.89,93,0,1.6,CU,1691312156
478,mil'kovo,55.6078,37.7956,31.17,49,0,3.99,RU,1691312156
479,benguela,-12.5763,13.4055,23.67,65,1,2.79,AO,1691312156
480,itanhaem,-24.1831,-46.7889,16.67,87,47,1.73,BR,1691312037
481,borogontsy,62.6683,131.1683,26.02,45,11,0.8,RU,1691312157
482,jalai nur,49.45,117.7,21.86,48,100,4.0,CN,1691312157
483,bandon,51.7469,-8.7425,15.77,74,6,3.24,IE,1691311746
484,naze,28.3667,129.4833,25.51,87,100,13.9,JP,1691312157
485,kovdor,67.5662,30.4758,13.94,71,99,0.45,RU,1691312157
486,porto novo,6.4965,2.6036,25.9,80,96,4.52,BJ,1691312067
487,gao,16.6362,1.637,29.83,55,99,8.56,ML,1691312158
488,aswan,24.0934,32.907,38.61,15,0,3.6,EG,1691312058
489,akureyri,65.6835,-18.0878,9.96,93,75,2.57,IS,1691312158
490,aguas vermelhas,-15.7472,-41.46,10.76,97,38,0.88,BR,1691312158
491,tari,12.4086,4.4914,25.24,75,100,3.85,NG,1691312158
492,zhoucheng,35.9122,116.3117,29.89,66,28,5.19,CN,1691312158
493,cambria,35.5641,-121.0808,22.77,62,0,3.13,US,1691312159
494,vila franca do campo,37.7167,-25.4333,22.23,76,63,2.18,PT,1691312159
495,kodinsk,58.6881,99.1844,18.91,39,78,1.58,RU,1691312159
496,ocean shores,46.9737,-124.1563,17.2,96,100,3.09,US,1691312159
497,puerto baquerizo moreno,-0.9,-89.6,23.8,75,85,6.06,EC,1691311945
498,grants,35.1473,-107.8514,16.13,31,0,0.0,US,1691312159
499,hakui,36.8833,136.7833,32.36,72,37,3.94,JP,1691312160
500,ode,7.7899,5.7117,23.15,86,100,4.55,NG,1691312160
501,merizo village,13.2658,144.6691,29.21,87,75,1.69,GU,1691312160
502,puerto armuelles,8.2833,-82.8667,26.16,85,98,0.45,PA,1691311965
503,kindu,-2.95,25.95,30.57,45,87,1.23,CD,1691312160
504,banda aceh,5.5577,95.3222,30.43,66,83,6.84,ID,1691312107
505,freetown,8.484,-13.2299,26.16,82,100,3.45,SL,1691312161
506,kushima,31.4583,131.2333,25.4,95,97,6.67,JP,1691312161
507,glace bay,46.1969,-59.957,16.66,96,75,4.12,CA,1691312161
508,salinas,36.6777,-121.6555,17.23,93,100,3.6,US,1691312043
509,villa gesell,-37.2639,-56.973,9.47,84,100,2.67,AR,1691312161
510,carutapera,-1.195,-46.02,25.03,89,29,3.6,BR,1691312161
511,akobo,7.4344,3.9497,23.83,90,100,2.82,NG,1691312162
512,emerald,-23.5333,148.1667,17.97,41,0,4.83,AU,1691312162
513,alvorada,-12.48,-49.1247,22.91,40,0,2.1,BR,1691312162
514,damavand,35.7178,52.065,30.13,19,34,6.58,IR,1691312163
515,mersing,2.4312,103.8405,31.95,70,40,6.17,MY,1691312163
516,taltal,-25.4,-70.4833,13.16,86,9,1.14,CL,1691312163
517,virginia beach,36.8529,-75.978,22.04,94,0,0.0,US,1691311886
518,santa cruz,-17.8,-63.1667,20.7,94,20,3.6,BO,1691312164
519,westerland,54.9079,8.3033,16.01,88,75,3.6,DE,1691312164
520,matoury,4.8483,-52.3317,23.98,100,0,0.0,GF,1691311630
521,prince george,53.9166,-122.753,14.03,83,0,0.0,CA,1691312165
522,san salvador,13.6894,-89.1872,22.71,100,47,1.32,SV,1691311982
523,kalmunai,7.4167,81.8167,31.34,63,94,7.04,LK,1691312166
524,marshfield,44.6689,-90.1718,16.49,88,0,3.09,US,1691312166
525,chaman,30.9236,66.4512,37.77,7,0,5.87,PK,1691312166
526,mossel bay,-34.1831,22.146,14.96,71,57,3.07,ZA,1691312167
527,santyoku,37.4406,129.1708,25.26,96,100,3.28,KR,1691312167
528,arteche,12.2645,125.4048,30.59,62,17,4.99,PH,1691312167
529,wuwei,37.9281,102.6414,30.22,28,95,2.91,CN,1691311931
530,coari,-4.085,-63.1414,22.82,70,86,0.73,BR,1691312167
531,ashmyany,54.425,25.9378,28.0,46,0,8.22,BY,1691312168
532,weining,26.85,104.2333,22.33,75,96,3.57,CN,1691312168
533,balcarce,-37.8462,-58.2552,8.23,88,100,0.89,AR,1691312080
534,andergrove,-21.0833,149.1833,18.69,81,0,6.99,AU,1691312168
535,hirara,24.8,125.2833,28.92,94,75,6.17,JP,1691312168
536,hengchun,22.0042,120.7439,28.38,86,100,12.04,TW,1691312169
537,menongue,-14.6585,17.691,22.8,22,0,5.74,AO,1691312169
538,murghob,38.1702,73.9667,17.95,25,77,1.42,TJ,1691312169
539,kyzyl-suu,42.3414,78.0056,25.66,35,29,4.19,KG,1691312169
540,capayan,-28.761,-66.0502,16.56,56,0,1.5,AR,1691312169
541,igrim,63.1906,64.4162,29.65,26,3,2.46,RU,1691312170
542,hanzhong,33.0728,107.0303,32.74,61,73,1.58,CN,1691312170
543,lompoc,34.6391,-120.4579,21.55,100,100,0.0,US,1691312170
544,kokopo,-4.352,152.2633,25.17,78,100,7.96,PG,1691312170
545,jaguaribe,-5.8906,-38.6219,22.0,77,1,2.44,BR,1691312171
546,luena,-11.7833,19.9167,23.33,26,0,4.87,AO,1691312171
547,bom jesus,-9.0744,-44.3586,18.58,58,1,1.04,BR,1691312171
548,lamu,-2.2717,40.902,28.12,72,70,7.9,KE,1691312171
549,canchungo,12.0672,-16.0333,25.07,80,98,1.55,GW,1691312171
550,norak,38.3892,69.3227,36.84,11,0,5.46,TJ,1691312172
551,verkhniy ufaley,56.0567,60.2306,22.64,88,100,2.63,RU,1691312172
552,malango,-2.9627,119.9001,22.39,94,71,1.26,ID,1691312172
553,kerikeri,-35.2268,173.9474,12.73,91,100,0.45,NZ,1691312172
554,nuku'alofa,-21.1333,-175.2,21.19,94,75,4.12,TO,1691312172
555,murwara,23.85,80.4,25.63,91,100,5.64,IN,1691312173
556,aykhal,66.0,111.5,19.31,39,100,7.37,RU,1691312173
557,usogorsk,63.4106,48.6872,21.94,59,87,3.21,RU,1691312173
558,poronaysk,49.2167,143.1167,15.16,84,80,3.33,RU,1691312173
559,hammerfest,70.6634,23.6821,13.25,76,75,1.54,NO,1691312173
560,harstad,68.799,16.5293,15.69,77,41,4.92,NO,1691312174
561,alesund,62.4723,6.1549,15.74,74,75,5.66,NO,1691312174
562,argo,37.6333,22.7333,29.32,36,0,3.83,GR,1691312174
563,kurchatov,51.6601,35.6521,31.23,43,3,6.65,RU,1691312174
564,lenger,42.183,69.8839,29.69,22,100,4.87,KZ,1691312174
565,nagqu,31.5,92.0,12.03,59,98,5.46,CN,1691312175
566,yelizovo,53.1873,158.3805,19.08,72,75,3.13,RU,1691312175
567,manicore,-5.8092,-61.3003,22.33,66,1,0.41,BR,1691312175
568,bejaia,36.7559,5.0843,26.6,50,0,1.54,DZ,1691312175
569,howrah,22.5892,88.3103,28.0,89,100,5.14,IN,1691312175
570,mejit,10.2753,170.8646,28.39,79,25,7.32,MH,1691312176
571,ketchikan,55.3422,-131.6461,17.26,82,0,2.06,US,1691312176
572,bani,18.2833,-70.3333,26.02,79,2,4.35,DO,1691312176
573,konarka,19.9,86.1167,30.22,72,100,8.31,IN,1691312176
574,vorkuta,67.5,64.0,28.15,43,0,5.17,RU,1691312177
575,teknaf,20.8624,92.3058,26.73,90,100,3.83,BD,1691312177
576,kharp,66.8014,65.8081,27.27,50,0,2.73,RU,1691312177
